url	type	number
groundnuty/macf-actions/issues/6	ISSUE	6
groundnuty/macf-actions/pull/3	PR	3
groundnuty/macf/issues/121	ISSUE	121
groundnuty/macf/issues/48	ISSUE	48
groundnuty/macf/issues/49	ISSUE	49
groundnuty/macf/issues/52	ISSUE	52
groundnuty/macf/issues/53	ISSUE	53
groundnuty/macf/issues/55	ISSUE	55
groundnuty/macf/issues/58	ISSUE	58
groundnuty/macf/issues/61	ISSUE	61
groundnuty/macf/issues/62	ISSUE	62
groundnuty/macf/issues/82	ISSUE	82
groundnuty/macf/issues/83	ISSUE	83
groundnuty/macf/issues/84	ISSUE	84
groundnuty/macf/issues/85	ISSUE	85
groundnuty/macf/issues/86	ISSUE	86
groundnuty/macf/issues/88	ISSUE	88
groundnuty/macf/issues/89	ISSUE	89
groundnuty/macf/pull/51	PR	51
groundnuty/macf/pull/59	PR	59
groundnuty/macf/pull/64	PR	64
