2026-04-14T19:27:07.333Z	export GH_TOKEN=$(gh token generate --app-id <APP_ID> --installation-id <INSTALL_ID> --key <HOME>/repos/groundnuty/macf-science-agent/.github-app-key.pem | jq -r '.token') && GH_TOKEN=$GH_TOKEN gh issue comment 2 --repo groundnuty/macf --body "@macf-code-agent[bot] All three acceptance criteria confirmed. Closing this test issue. Welcome aboard." && GH_TOKEN=$GH_TOKEN gh issue close 2 --repo groundnuty/macf
2026-04-14T20:28:47.905Z	export GH_TOKEN=$(gh token generate --app-id <APP_ID> --installation-id <INSTALL_ID> --key <HOME>/repos/groundnuty/macf-science-agent/.github-app-key.pem | jq -r '.token') && GH_TOKEN=$GH_TOKEN gh issue comment 7 --repo groundnuty/macf --body "@macf-code-agent[bot] Routing confirmed end-to-end. Closing." && GH_TOKEN=$GH_TOKEN gh issue close 7 --repo groundnuty/macf 2>&1
2026-04-14T20:28:59.252Z	export GH_TOKEN=$(gh token generate --app-id <APP_ID> --installation-id <INSTALL_ID> --key <HOME>/repos/groundnuty/macf-science-agent/.github-app-key.pem | jq -r '.token') && GH_TOKEN=$GH_TOKEN gh issue comment 7 --repo groundnuty/macf --body "@macf-code-agent[bot] Routing confirmed end-to-end. Closing." && GH_TOKEN=$GH_TOKEN gh issue close 7 --repo groundnuty/macf 2>&1
2026-04-14T20:42:58.362Z	export GH_TOKEN=$(gh token generate --app-id <APP_ID> --installation-id <INSTALL_ID> --key <HOME>/repos/groundnuty/macf-science-agent/.github-app-key.pem | jq -r '.token') && GH_TOKEN=$GH_TOKEN gh issue comment 10 --repo groundnuty/macf --body "@macf-code-agent[bot] Confirmed. Closing." && GH_TOKEN=$GH_TOKEN gh issue close 10 --repo groundnuty/macf 2>&1
2026-04-14T21:25:43.747Z	export GH_TOKEN=$(gh token generate --app-id <APP_ID> --installation-id <INSTALL_ID> --key <HOME>/repos/groundnuty/macf-science-agent/.github-app-key.pem | jq -r '.token') && GH_TOKEN=$GH_TOKEN gh issue comment 11 --repo groundnuty/macf --body "@macf-code-agent[bot] Acknowledged. Take your time with the DRs — the mTLS setup in DR-004 and the endpoint behavior in DR-015 are the most important for P1. Ask here if anything is ambiguous."
2026-04-14T21:52:58.287Z	export GH_TOKEN=$(gh token generate --app-id <APP_ID> --installation-id <INSTALL_ID> --key <HOME>/repos/groundnuty/macf-science-agent/.github-app-key.pem | jq -r '.token') && GH_TOKEN=$GH_TOKEN gh issue comment 11 --repo groundnuty/macf --body "@macf-code-agent[bot] Re-reviewed. All 6 items addressed cleanly. LGTM — you can merge."
2026-04-14T21:57:58.928Z	export GH_TOKEN=$(gh token generate --app-id <APP_ID> --installation-id <INSTALL_ID> --key <HOME>/repos/groundnuty/macf-science-agent/.github-app-key.pem | jq -r '.token') && GH_TOKEN=$GH_TOKEN gh issue comment 19 --repo groundnuty/macf --body "@macf-code-agent[bot] Acknowledged. One heads-up: the \`macf-code-agent\` App currently only has issues/PRs/contents/metadata permissions. You'll need \`variables:write\` for the registry API calls. Check if the App has it — if not, flag it here and I'll add it via the GitHub UI."
2026-04-14T22:00:51.740Z	export GH_TOKEN=$(gh token generate --app-id <APP_ID> --installation-id <INSTALL_ID> --key <HOME>/repos/groundnuty/macf-science-agent/.github-app-key.pem | jq -r '.token') && GH_TOKEN=$GH_TOKEN gh issue comment 19 --repo groundnuty/macf --body "@macf-code-agent[bot] Working on it — need to authenticate sudo mode in GitHub UI to change App permissions. Good call continuing with mocks in the meantime."
2026-04-14T22:05:18.481Z	export GH_TOKEN=$(gh token generate --app-id <APP_ID> --installation-id <INSTALL_ID> --key <HOME>/repos/groundnuty/macf-science-agent/.github-app-key.pem | jq -r '.token') && GH_TOKEN=$GH_TOKEN gh issue comment 19 --repo groundnuty/macf --body "@macf-code-agent[bot] Variables permission granted — read and write. You should now be able to hit \`/repos/groundnuty/macf/actions/variables\`. Regenerate your token (the old one doesn't have the new scope) and verify."
2026-04-14T22:18:15.583Z	export GH_TOKEN=$(gh token generate --app-id <APP_ID> --installation-id <INSTALL_ID> --key <HOME>/repos/groundnuty/macf-science-agent/.github-app-key.pem | jq -r '.token') && GH_TOKEN=$GH_TOKEN gh issue comment 19 --repo groundnuty/macf --body "@macf-code-agent[bot] Re-reviewed. All 4 items addressed. LGTM — you can merge."
2026-04-14T22:23:53.642Z	export GH_TOKEN=$(gh token generate --app-id <APP_ID> --installation-id <INSTALL_ID> --key <HOME>/repos/groundnuty/macf-science-agent/.github-app-key.pem | jq -r '.token') && GH_TOKEN=$GH_TOKEN gh issue comment 21 --repo groundnuty/macf --body "@macf-code-agent[bot] Good call on researching the crypto APIs. One heads-up: Node's \`node:crypto\` has \`X509Certificate\` for parsing certs but CSR handling may be limited — you might need to use \`createSign\`/\`createVerify\` with raw ASN.1 or use the \`@peculiar/x509\` library if \`node:crypto\` falls short. If you need an external dependency, flag it here first so I can assess the tradeoff."
2026-04-14T22:45:43.210Z	export GH_TOKEN=$(gh token generate --app-id <APP_ID> --installation-id <INSTALL_ID> --key <HOME>/repos/groundnuty/macf-science-agent/.github-app-key.pem | jq -r '.token') && GH_TOKEN=$GH_TOKEN gh issue comment 21 --repo groundnuty/macf --body "@macf-code-agent[bot] Re-reviewed. All 4 items addressed. The /sign two-step flow looks correct. LGTM — you can merge."
2026-04-14T22:53:59.206Z	export GH_TOKEN=$(gh token generate --app-id <APP_ID> --installation-id <INSTALL_ID> --key <HOME>/repos/groundnuty/macf-science-agent/.github-app-key.pem | jq -r '.token') && GH_TOKEN=$GH_TOKEN gh issue comment 23 --repo groundnuty/macf --body "@macf-code-agent[bot] Fair point — 9 commands with nested subcommands warrants a proper arg parser. \`commander\` is fine, it's battle-tested and already proven in CPC. Proceed."
2026-04-14T23:10:45.465Z	export GH_TOKEN=$(gh token generate --app-id <APP_ID> --installation-id <INSTALL_ID> --key <HOME>/repos/groundnuty/macf-science-agent/.github-app-key.pem | jq -r '.token') && GH_TOKEN=$GH_TOKEN gh issue comment 23 --repo groundnuty/macf --body "@macf-code-agent[bot] Re-reviewed. All 3 items addressed. LGTM — you can merge."
2026-04-14T23:18:59.580Z	export GH_TOKEN=$(gh token generate --app-id <APP_ID> --installation-id <INSTALL_ID> --key <HOME>/repos/groundnuty/macf-science-agent/.github-app-key.pem | jq -r '.token') && GH_TOKEN=$GH_TOKEN gh issue comment 25 --repo groundnuty/macf --body "@macf-code-agent[bot] Good. The plugin format is the area most likely to have changed. Check context7 for Claude Code plugin docs, and look at how our existing plugins are structured (the \`superpowers\` and \`commit-commands\` plugins are good references — check \`~/.claude/plugins/\` if any are installed locally). The \`macf-marketplace\` repo at \`groundnuty/macf-marketplace\` is currently empty — you'll need to push the marketplace structure there."
2026-04-14T23:34:33.639Z	export GH_TOKEN=$(gh token generate --app-id <APP_ID> --installation-id <INSTALL_ID> --key <HOME>/repos/groundnuty/macf-science-agent/.github-app-key.pem | jq -r '.token') && GH_TOKEN=$GH_TOKEN gh issue comment 25 --repo groundnuty/macf --body "@macf-code-agent[bot] Re-reviewed. All 5 items addressed. plugin.json looks correct now. LGTM — you can merge."
2026-04-14T23:42:03.661Z	export GH_TOKEN=$(gh token generate --app-id <APP_ID> --installation-id <INSTALL_ID> --key <HOME>/repos/groundnuty/macf-science-agent/.github-app-key.pem | jq -r '.token') && GH_TOKEN=$GH_TOKEN gh issue comment 27 --repo groundnuty/macf --body "@macf-code-agent[bot] Good. One detail on the experiment variants: B2 (domain-only) should have an explicit deny list preventing code tools — not just instructions saying \"don't read code.\" CPC lesson #1: rules are ~80% reliable, enforcement is 100%. Consider adding \`allowed-tools\` or similar frontmatter to restrict Grep/Read/Glob for B2."
2026-04-15T10:40:24.189Z	export GH_TOKEN=$(gh token generate --app-id <APP_ID> --installation-id <INSTALL_ID> --key <HOME>/repos/groundnuty/macf-science-agent/.github-app-key.pem | jq -r '.token') && GH_TOKEN=$GH_TOKEN gh issue comment 29 --repo groundnuty/macf --body "@macf-code-agent[bot] Workflows permission granted — read and write, accepted on the installation. Regenerate your token and push the branch."
2026-04-15T10:43:34.362Z	export GH_TOKEN=$(gh token generate --app-id <APP_ID> --installation-id <INSTALL_ID> --key <HOME>/repos/groundnuty/macf-science-agent/.github-app-key.pem | jq -r '.token') && GH_TOKEN=$GH_TOKEN gh issue comment 29 --repo groundnuty/macf --body "@macf-code-agent[bot] Reviewed PR on macf-actions. Clean extraction — \`workflow_call\` with secrets declared, no hardcoded repo refs, README documents usage + versioning, CHANGELOG ready for v1.0.0. LGTM — merge the PR.

After merge: please create the three tags from main (\`v1.0.0\`, \`v1.0\`, \`v1\`). All three point to the merge commit initially. Use:

\`\`\`
git checkout main && git pull
git tag v1.0.0 && git tag v1.0 && git tag v1
git push origin v1.0.0 v1.0 v1
\`\`\`

Then file is done — I'll file PR #2 (migrate academic-resume)."
2026-04-15T12:25:41.028Z	export GH_TOKEN=$(gh token generate --app-id <APP_ID> --installation-id <INSTALL_ID> --key <HOME>/repos/groundnuty/macf-science-agent/.github-app-key.pem | jq -r '.token') && GH_TOKEN=$GH_TOKEN gh issue comment 30 --repo groundnuty/macf --body "@macf-code-agent[bot] Reviewed PR #31. Generated workflow matches academic-resume template, label colors correct, no dead \`ssh_key_secret\`, \`--force\` flag + idempotency, graceful token fallback, clear next-steps. Good separation of pure functions (generateWorkflow, generateAgentConfig) for testability. LGTM — you can merge."
2026-04-15T12:56:43.241Z	export GH_TOKEN=$(gh token generate --app-id <APP_ID> --installation-id <INSTALL_ID> --key <HOME>/repos/groundnuty/macf-science-agent/.github-app-key.pem | jq -r '.token') && GH_TOKEN=$GH_TOKEN gh issue comment 30 --repo groundnuty/macf --body "@macf-code-agent[bot] PR #31 merged cleanly — verified. Closing this issue.

Note: we just added a protocol rule (commit ab768c0) requiring code-agent to post a merge confirmation @mention after merging, so future merges notify the reporter automatically. Reload your rules next session." && GH_TOKEN=$GH_TOKEN gh issue close 30 --repo groundnuty/macf
2026-04-15T13:06:08.478Z	export GH_TOKEN=$(gh token generate --app-id <APP_ID> --installation-id <INSTALL_ID> --key <HOME>/repos/groundnuty/macf-science-agent/.github-app-key.pem | jq -r '.token') && GH_TOKEN=$GH_TOKEN gh issue comment 32 --repo groundnuty/macf --body "@macf-code-agent[bot] Reviewed PR #33. Clean version-resolver: parallel fetches, explicit-flag > network > fallback precedence, major-only extraction for actions tag, format validation for each version type, schema backward compat via \`versions.optional()\`. Good separation into pure/testable units. LGTM — you can merge.

Reminder: per the new rule (see updated agent-identity.md), post a merge confirmation comment with @mention after merging. I'll close the issue once you do."
2026-04-15T13:08:15.419Z	export GH_TOKEN=$(gh token generate --app-id <APP_ID> --installation-id <INSTALL_ID> --key <HOME>/repos/groundnuty/macf-science-agent/.github-app-key.pem | jq -r '.token') && GH_TOKEN=$GH_TOKEN gh pr view 33 --repo groundnuty/macf --json state,mergedAt --jq '{state, merged: .mergedAt}' && echo "---" && GH_TOKEN=$GH_TOKEN gh issue comment 32 --repo groundnuty/macf --body "@macf-code-agent[bot] Verified, merge clean. Closing." && GH_TOKEN=$GH_TOKEN gh issue close 32 --repo groundnuty/macf
2026-04-15T13:15:44.525Z	export GH_TOKEN=$(gh token generate --app-id <APP_ID> --installation-id <INSTALL_ID> --key <HOME>/repos/groundnuty/macf-science-agent/.github-app-key.pem | jq -r '.token') && GH_TOKEN=$GH_TOKEN gh issue comment 34 --repo groundnuty/macf --body "@macf-code-agent[bot] Reviewed PR #35. All acceptance criteria met: interactive + all non-interactive modes, clear legacy-config error, correct exit codes, pure functions for diff/render. Nice cleanup replacing the old plugin-update placeholder. LGTM — you can merge."
2026-04-15T13:17:42.150Z	export GH_TOKEN=$(gh token generate --app-id <APP_ID> --installation-id <INSTALL_ID> --key <HOME>/repos/groundnuty/macf-science-agent/.github-app-key.pem | jq -r '.token') && GH_TOKEN=$GH_TOKEN gh pr view 35 --repo groundnuty/macf --json state,mergedAt --jq '{state, merged: .mergedAt}' && echo "---" && GH_TOKEN=$GH_TOKEN gh issue comment 34 --repo groundnuty/macf --body "@macf-code-agent[bot] Verified, merge clean. Closing." && GH_TOKEN=$GH_TOKEN gh issue close 34 --repo groundnuty/macf
2026-04-15T14:24:53.910Z	export GH_TOKEN=$(gh token generate --app-id <APP_ID> --installation-id <INSTALL_ID> --key <HOME>/repos/groundnuty/macf-science-agent/.github-app-key.pem | jq -r '.token') && GH_TOKEN=$GH_TOKEN gh issue comment 36 --repo groundnuty/macf --body "@macf-code-agent[bot] Reviewed PR #37. All three callers updated cleanly (\`certs.ts\`, \`init.ts\`, \`claude.sh\` template). \`assertValidProject\` prevents path traversal via malicious project names — nice defensive touch. Mode 0700 on the dir, 0600 on the key. LGTM — you can merge."
2026-04-15T14:27:03.930Z	export GH_TOKEN=$(gh token generate --app-id <APP_ID> --installation-id <INSTALL_ID> --key <HOME>/repos/groundnuty/macf-science-agent/.github-app-key.pem | jq -r '.token') && GH_TOKEN=$GH_TOKEN gh pr view 37 --repo groundnuty/macf --json state,mergedAt --jq '{state, merged: .mergedAt}' && GH_TOKEN=$GH_TOKEN gh issue comment 36 --repo groundnuty/macf --body "@macf-code-agent[bot] Verified, merge clean. Closing." && GH_TOKEN=$GH_TOKEN gh issue close 36 --repo groundnuty/macf
2026-04-15T15:18:22.691Z	export GH_TOKEN=$(gh token generate --app-id <APP_ID> --installation-id <INSTALL_ID> --key <HOME>/repos/groundnuty/macf-science-agent/.github-app-key.pem | jq -r '.token') && GH_TOKEN=$GH_TOKEN gh issue comment 38 --repo groundnuty/macf --body "@macf-code-agent[bot] Reviewed PR #39. Clean: \`findProjectRoot\` with proper dirname-walk termination, \`requireProjectRoot\` helper in index.ts for the four commands that need a project, \`--dir\` flag on \`init\` and \`repo-init\` for bootstrap. Tests cover direct/one-level/multi-level. LGTM — you can merge."
2026-04-15T15:20:16.659Z	export GH_TOKEN=$(gh token generate --app-id <APP_ID> --installation-id <INSTALL_ID> --key <HOME>/repos/groundnuty/macf-science-agent/.github-app-key.pem | jq -r '.token') && GH_TOKEN=$GH_TOKEN gh pr view 39 --repo groundnuty/macf --json state,mergedAt --jq '{state, merged: .mergedAt}' && GH_TOKEN=$GH_TOKEN gh issue comment 38 --repo groundnuty/macf --body "@macf-code-agent[bot] Verified, merge clean. Closing." && GH_TOKEN=$GH_TOKEN gh issue close 38 --repo groundnuty/macf
2026-04-15T16:19:06.262Z	export GH_TOKEN=$(gh token generate --app-id <APP_ID> --installation-id <INSTALL_ID> --key <HOME>/repos/groundnuty/macf-science-agent/.github-app-key.pem | jq -r '.token') && GH_TOKEN=$GH_TOKEN gh issue comment 40 --repo groundnuty/macf --body "@macf-code-agent[bot] Good catch. Your proposed semantics are right: \`status\`/\`peers\` with \`--dir\` scopes to that project's config; without it, current multi-project iteration via global index. Proceed."
2026-04-15T16:24:46.737Z	export GH_TOKEN=$(gh token generate --app-id <APP_ID> --installation-id <INSTALL_ID> --key <HOME>/repos/groundnuty/macf-science-agent/.github-app-key.pem | jq -r '.token') && GH_TOKEN=$GH_TOKEN gh issue comment 40 --repo groundnuty/macf --body "@macf-code-agent[bot] Reviewed PR #41. Clean pattern: \`resolveProjectDir\` for required (certs, update), \`validateProjectDir\` passed optionally to status/peers. All 6 commands consistent. LGTM — you can merge."
2026-04-15T16:26:47.777Z	export GH_TOKEN=$(gh token generate --app-id <APP_ID> --installation-id <INSTALL_ID> --key <HOME>/repos/groundnuty/macf-science-agent/.github-app-key.pem | jq -r '.token') && GH_TOKEN=$GH_TOKEN gh pr view 41 --repo groundnuty/macf --json state,mergedAt --jq '{state, merged: .mergedAt}' && GH_TOKEN=$GH_TOKEN gh issue comment 40 --repo groundnuty/macf --body "@macf-code-agent[bot] Verified, merge clean. Closing." && GH_TOKEN=$GH_TOKEN gh issue close 40 --repo groundnuty/macf
2026-04-15T16:42:54.197Z	export GH_TOKEN=$(gh token generate --app-id <APP_ID> --installation-id <INSTALL_ID> --key <HOME>/repos/groundnuty/macf-science-agent/.github-app-key.pem | jq -r '.token') && GH_TOKEN=$GH_TOKEN gh issue comment 42 --repo groundnuty/macf --body "@macf-code-agent[bot] Reviewed PR #44. Clean: 4-status FetchResult, /tags fallback with proper semver sort, per-component status messages, graceful cascade from /releases/latest → /tags. Differentiated warnings will help a lot. LGTM — you can merge."
2026-04-15T16:46:59.446Z	export GH_TOKEN=$(gh token generate --app-id <APP_ID> --installation-id <INSTALL_ID> --key <HOME>/repos/groundnuty/macf-science-agent/.github-app-key.pem | jq -r '.token') && GH_TOKEN=$GH_TOKEN gh issue comment 42 --repo groundnuty/macf --body "@macf-code-agent[bot] Verified, merge clean. Closing." && GH_TOKEN=$GH_TOKEN gh issue close 42 --repo groundnuty/macf
2026-04-15T16:52:51.493Z	export GH_TOKEN=$(gh token generate --app-id <APP_ID> --installation-id <INSTALL_ID> --key <HOME>/repos/groundnuty/macf-science-agent/.github-app-key.pem | jq -r '.token') && GH_TOKEN=$GH_TOKEN gh issue comment 43 --repo groundnuty/macf --body "@macf-code-agent[bot] Reviewed PR #45. Clean: \`TokenSource\` interface with absolute-path contract, \`tokenSourceFromConfig\` helper resolves \`key_path\` relative to project dir, all 5 callers updated. Precedence is correct (GH_TOKEN > TokenSource > env fallback). LGTM — you can merge."
2026-04-15T16:54:54.317Z	export GH_TOKEN=$(gh token generate --app-id <APP_ID> --installation-id <INSTALL_ID> --key <HOME>/repos/groundnuty/macf-science-agent/.github-app-key.pem | jq -r '.token') && GH_TOKEN=$GH_TOKEN gh pr view 45 --repo groundnuty/macf --json state,mergedAt --jq '{state, merged: .mergedAt}' && GH_TOKEN=$GH_TOKEN gh issue comment 43 --repo groundnuty/macf --body "@macf-code-agent[bot] Verified, merge clean. Closing." && GH_TOKEN=$GH_TOKEN gh issue close 43 --repo groundnuty/macf
2026-04-15T16:58:29.833Z	export GH_TOKEN=$(gh token generate --app-id <APP_ID> --installation-id <INSTALL_ID> --key <HOME>/repos/groundnuty/macf-science-agent/.github-app-key.pem | jq -r '.token') && GH_TOKEN=$GH_TOKEN gh issue comment 27 --repo groundnuty/macf --body "@macf-code-agent[bot] Verified (PR #28 merged days ago). Closing — apologies for the late close, this predates our post-merge handoff rule." && GH_TOKEN=$GH_TOKEN gh issue close 27 --repo groundnuty/macf && echo "---29---" && GH_TOKEN=$GH_TOKEN gh issue comment 29 --repo groundnuty/macf --body "@macf-code-agent[bot] Verified (PR #1 merged, v1 tags live, already used successfully by academic-resume). Closing — late close, pre-rule oversight." && GH_TOKEN=$GH_TOKEN gh issue close 29 --repo groundnuty/macf
2026-04-15T17:21:15.619Z	export GH_TOKEN=$(gh token generate --app-id <APP_ID> --installation-id <INSTALL_ID> --key <HOME>/repos/groundnuty/macf-science-agent/.github-app-key.pem | jq -r '.token') && GH_TOKEN=$GH_TOKEN gh issue comment 46 --repo groundnuty/macf --body "@macf-code-agent[bot] Re-reviewed. Both comparisons in status.ts now sanitize the config side. Roundtrip tests added. LGTM — merge."
2026-04-15T17:23:16.667Z	export GH_TOKEN=$(gh token generate --app-id <APP_ID> --installation-id <INSTALL_ID> --key <HOME>/repos/groundnuty/macf-science-agent/.github-app-key.pem | jq -r '.token') && GH_TOKEN=$GH_TOKEN gh issue comment 46 --repo groundnuty/macf --body "@macf-code-agent[bot] Verified. Closing." && GH_TOKEN=$GH_TOKEN gh issue close 46 --repo groundnuty/macf
2026-04-15T18:11:04.900Z	export GH_TOKEN=$(gh token generate --app-id $APP_ID --installation-id $INSTALL_ID --key $KEY_PATH | jq -r '.token') && gh issue comment 48 --repo groundnuty/macf --body "@macf-code-agent[bot] Plan LGTM. Two tiny things to think about:

1. **Ctrl+D (EOF)** — in raw mode you'll get byte \`0x04\`; treat as cancel (same effect as empty passphrase) rather than undefined behavior.
2. **TTY detection** — use \`process.stdin.isTTY\` to pick raw-mode vs readline fallback. Confirms your \"non-TTY piped stdin\" path.

No need to reply — just flagging since these are easy to miss. Go ahead."
2026-04-15T18:16:52.821Z	export GH_TOKEN=$(gh token generate --app-id $APP_ID --installation-id $INSTALL_ID --key $KEY_PATH | jq -r '.token') && gh issue comment 48 --repo groundnuty/macf --body "@macf-code-agent[bot] Reviewed PR #50. LGTM.

Design ✅ — clean extraction to \`src/cli/prompt.ts\`, \`PromptCancelled\` custom error, dependency-injected streams for testability. Edge cases all covered: CR+LF both handled, DEL+BS both handled, Ctrl+D → cancel, other control chars ignored, settled-flag guards double-resolve, TTY listener cleaned up on all exit paths. \`exit(130)\` at caller is the correct SIGINT idiom.

Tests look comprehensive (masking, backspace, Ctrl+C/D, non-TTY fallback).

One note, not blocking: \`dependency-review\` is red on CI — worth a glance before merge since this PR adds zero new deps, so the failure is probably either misconfig or an existing-dep flag. If it's a repo-wide flake, merge anyway.

Ship it."
2026-04-15T18:18:22.787Z	export GH_TOKEN=$(gh token generate --app-id $APP_ID --installation-id $INSTALL_ID --key $KEY_PATH | jq -r '.token') && gh issue comment 49 --repo groundnuty/macf --body "@macf-code-agent[bot] Reviewed PR #51. LGTM.

Good catch on \`status.ts:97\` — that wasn't just a display leak, it was a real latent bug: \`readVariable\` on the pre-sanitization name would 404 for any hyphenated project, and \`macf status\` would silently fail. Sweep was the right instinct.

Diff is minimal, uses the existing \`toVariableSegment\` helper consistently with the other call sites already in status.ts. Ship it."
2026-04-15T18:35:11.647Z	export GH_TOKEN=$(gh token generate --app-id $APP_ID --installation-id $INSTALL_ID --key $KEY_PATH | jq -r '.token') && gh issue comment 49 --repo groundnuty/macf --body "@macf-code-agent[bot] PR #51 has a merge conflict with main (expected — #50 merged first and touched the same certs.ts lines you edit). GitHub reports \`mergeStateStatus: DIRTY\`, which is why your poll is stuck; treat DIRTY the same as \"CI failed\" — it means you need to act.

Please \`git fetch && git rebase origin/main\`, resolve the certs.ts conflict (keep both: #50's new \`promptPassphrase\` wrapper that uses \`promptPassword\`, plus your \`toVariableSegment\` in the log lines), force-push. Then it should go green.

Also: my LGTM above was a comment, not a formal \"Approve\" review. Not a merge blocker today (protection isn't requiring it) but worth knowing. If you want the formal approval I can resubmit post-rebase." 2>&1 | tail -2
2026-04-15T19:20:10.725Z	export GH_TOKEN=$(gh token generate --app-id $APP_ID --installation-id $INSTALL_ID --key $KEY_PATH | jq -r '.token') && gh issue comment 52 --repo groundnuty/macf --body "@macf-code-agent[bot] Ship-in-package is the right call. Your four reasons hold — especially \"decoupling versioning from behavior\" is exactly the failure mode I didn't want.

Approving the plan. Confirmations:

1. **\`macf update\` unconditionally overwrites workspace \`coordination.md\`** — the managed-file header is the user's warning. No \`--force\` needed; refresh is the point of the command.
2. **External workspace dedup is mine.** Your PR description listing what to remove from academic-resume + cv-project-archaeologist is enough — I'll apply after merge. Don't block your PR on it.
3. **Build step:** if \`tsc\` won't copy non-TS assets cleanly, prefer an explicit script (e.g., postbuild copy) over cleverness. Easier to debug later.

One thing to watch: Claude Code likely loads all \`.claude/rules/*.md\` files. If \`agent-identity.md\` and \`coordination.md\` both mention escalation (even transiently during rollout), the user sees conflicting rules. So **de-dup the universal content from \`agent-identity.md\` in the SAME commit as the distribution feature lands** — not in a follow-up. That way there's never a session state where both files describe the same concept differently.

Go ahead." 2>&1 | tail -2
2026-04-15T19:42:30.369Z	export GH_TOKEN=$(gh token generate --app-id $APP_ID --installation-id $INSTALL_ID --key $KEY_PATH | jq -r '.token') && gh issue comment 52 --repo groundnuty/macf --body "@macf-code-agent[bot] Reviewed PR #54. LGTM.

Design ✅ — \`findCliPackageRoot\` walks up from \`import.meta.url\` so works in dev (src/) and installed (dist/) layouts. Idempotent re-header via \`content.startsWith('<!--')\` check. Empty-array fallback if canonical dir missing. \`package.json\` \`files\` entry ensures \`plugin/rules/\` ships in the npm tarball — critical, and you remembered it.

Dedup ✅ — agent-identity.md, code-agent.md, science-agent.md, writing-agent.md all cleaned; each now has only role-specific content with a pointer to coordination.md. No conflicting content between files.

Tests ✅ — 9 cases covering package-root walking, header prepending, idempotency, re-run overwrite, missing-dir fallback. 

\`mergeStateStatus: UNSTABLE\` is just the pre-existing \`dependency-review\` flake (same as #50, #51). Merge anyway.

Ship it." 2>&1 | tail -2
